manager,market,unit_count,asset_count,count_within_1,count_within_5,count_within_10,count_within_20,log_count_within_1,log_count_within_5,log_count_within_10,log_count_within_20,BachelorsPerc,BuildingAge,FamilyHouseholdsPerc,GraduatePerc,HighSchoolDiplomaPerc,LandArea,MastersPerc,MedianAge,MedianHHI,NumberStories,PercentBachelors,PercentRenters,PersonsPerHousehold,PopDensity,Population,PropertyQuality,UndergradPerc,UnemployedPerc,aided_recognition,area_type_Rural,area_type_Suburban,area_type_Urban,has_bldg_gated_community_access,manager_brand,miles_from_city_center,rating,unaided_recognition
AMLI,"Atlanta, GA",4191.0,13,1,11,13,13,0.6931471805599453,2.4849066497880004,2.6390573296152584,2.6390573296152584,0.322940359120869,10.615384615384615,0.17914605261163238,0.25553021606216375,0.043412523650940206,1226510.6153846155,0.17205519810663267,34.207692307692305,99400.61538461539,9.461538461538462,73.48923076923077,54.826153846153844,1.8353846153846154,0.0046212817435415466,3951.076923076923,0.7724072455726559,0.07620443650466334,0.020922094045426352,0.2896652110625909,0.0,0.0,0.38461538461538464,1.0,1.0,2.285844081344824,4.292307692307692,
AMLI,"Austin, TX",2763.0,9,3,7,9,9,1.3862943611198906,2.0794415416798357,2.302585092994046,2.302585092994046,0.3745360813794439,13.222222222222221,0.19955968073302374,0.24106929595905216,0.04069249687645385,2809520.4444444445,0.15439428470707106,36.855555555555554,111292.33333333333,6.555555555555555,64.88111111111111,54.05777777777777,2.1755555555555555,0.003234506184919111,4818.777777777777,0.761675186823083,0.04483967442111549,0.017870069591972845,0.3636363636363636,0.0,0.4444444444444444,0.4444444444444444,0.8888888888888888,1.0,2.8353042143399816,4.044444444444444,
AMLI,"Dallas-Fort Worth, TX",3432.0,10,1,1,2,8,0.6931471805599453,0.6931471805599453,1.0986122886681098,2.1972245773362196,0.30722982503365,10.9,0.22465915484311477,0.2300031356531838,0.052005033894408616,5077700.7,0.17520981965682764,35.53,102496.8,4.0,67.001,59.617,2.1100000000000003,0.00183397324255252,4586.5,0.7749207137928544,0.03882035373555718,0.030460876721915504,0.2736,0.0,0.7,0.1,0.8,1.0,12.831211426590377,4.1520467117393975,
AMLI,"Denver, CO",3708.0,12,7,9,9,12,2.0794415416798357,2.302585092994046,2.302585092994046,2.5649493574615367,0.3678307014382732,7.833333333333333,0.1619378585503779,0.19672511482861707,0.04580440606547557,2563646.9166666665,0.14756441276469093,33.791666666666664,87207.58333333333,6.333333333333333,57.1575,56.835,2.1258333333333335,0.004613865976869591,3494.3333333333335,0.7578588729725864,0.025381992122116576,0.038459300085021464,0.25,0.0,0.16666666666666666,0.4166666666666667,0.5,1.0,3.775713050901994,4.491666666666666,
AMLI,"Miami, FL",2050.0,4,1,1,4,4,0.6931471805599453,0.6931471805599453,1.6094379124341003,1.6094379124341003,0.23387366650419847,8.0,0.1888308561200862,0.12279247464996208,0.12193752544670353,6399557.75,0.08744106687508385,38.324999999999996,79053.75,8.0,57.92,51.515,2.4575,0.00227875732934,5325.75,0.7469643444178896,0.07735692565374169,0.04026470223107635,0.1327683615819209,0.0,0.0,0.25,0.5,1.0,7.207466105367007,4.35,
AvalonBay,"Austin, TX",680.0,2,0,0,0,2,0.0,0.0,0.0,1.0986122886681098,0.3579482856578232,7.0,0.28513306325445054,0.1742910017621,0.066264245014245,13991684.0,0.11270807601732455,42.4,158194.0,2.5,75.08,29.05,2.78,0.0003766005271914,4970.5,0.7377787625968637,0.014549264693773302,0.0117401561187688,0.0,0.0,0.0,0.0,0.0,1.0,13.173850309495293,4.5,
AvalonBay,"Charlotte, NC",963.0,5,3,3,3,4,1.3862943611198906,1.3862943611198906,1.3862943611198906,1.6094379124341003,0.24343411681600094,6.8,0.20462205025548547,0.13465129518668778,0.08799817740631398,4049413.4,0.09935416323958061,33.06,95906.0,6.0,67.69399999999999,52.720000000000006,2.098,0.00147696033137094,3894.2,0.7932871976107521,0.03090299264233538,0.022571493434202124,0.2435233160621761,0.0,1.0,0.0,0.4,1.0,7.221986481601578,4.220000000000001,
AvalonBay,"Dallas-Fort Worth, TX",3392.0,10,0,0,0,5,0.0,0.0,0.0,1.791759469228055,0.23662096084814058,13.6,0.2435244325076636,0.13889902800608628,0.08614148776921308,9391284.3,0.1046668278353982,37.160000000000004,129209.6,3.3,57.803,38.814,2.693,0.00125885959159731,4356.1,0.7244274683769752,0.033708143257070326,0.02261486745778369,0.0,0.0,0.5,0.1,0.5,0.6,20.00238078668274,4.342046711739398,
AvalonBay,"Denver, CO",1985.0,7,1,2,4,6,0.6931471805599453,1.0986122886681098,1.6094379124341003,1.9459101490553132,0.25716702980907613,7.142857142857143,0.22989855540443704,0.15424755985406055,0.10076549864841698,4512304.571428572,0.10537920221187747,39.300000000000004,116115.57142857143,3.2857142857142856,59.910000000000004,33.315714285714286,2.5042857142857144,0.0022147609280619572,6155.571428571428,0.7683972733374836,0.03884531668449367,0.026454324587576173,0.242063492063492,0.0,0.5714285714285714,0.14285714285714285,0.14285714285714285,1.0,10.306950822283957,4.114285714285715,
AvalonBay,"Miami, FL",918.0,3,0,0,2,3,0.0,0.0,1.0986122886681098,1.3862943611198906,0.13796217726134474,5.333333333333333,0.21282807860951536,0.12195282385035412,0.12641523770105886,2947582.0,0.047464830628755866,34.56666666666667,94669.0,10.333333333333334,47.88666666666666,35.53666666666667,3.0966666666666662,0.0026739551838942,4223.666666666667,0.8031301212136248,0.04527242465941587,0.039571145684861565,0.3008474576271186,0.0,1.0,0.0,0.3333333333333333,1.0,8.87793423130781,4.633333333333334,
AvalonBay,"Raleigh, NC",262.0,1,0,0,0,1,0.0,0.0,0.0,0.6931471805599453,0.2094081942336874,8.0,0.1820940819423368,0.1251896813353566,0.0386949924127465,15113435.0,0.0971168437025796,33.4,110458.0,4.0,71.98,48.71,2.53,8.720717692569558e-05,1318.0,0.7910658649801386,0.0553869499241274,0.0136570561456752,0.0,0.0,0.0,0.0,1.0,1.0,11.444489201053797,4.6,
AvalonBay,"Washington, DC",2225.0,8,3,8,8,8,1.3862943611198906,2.1972245773362196,2.1972245773362196,2.1972245773362196,0.2902154915520778,36.5,0.14331385701377336,0.38114776458412924,0.03321755214327645,758275.25,0.23631948435947006,36.45,126925.75,10.125,79.34125,55.09,2.06875,0.006192779656978726,3059.5,0.6617524864921228,0.03692285583914087,0.031222261277772573,0.4096385542168674,0.0,0.0,0.625,0.125,1.0,2.524595419054969,4.3375,
Bell,"Atlanta, GA",4717.0,15,5,10,10,15,1.791759469228055,2.3978952727983707,2.3978952727983707,2.772588722239781,0.2925315936562945,12.466666666666667,0.21001016506606945,0.2029790041459728,0.05796341350824561,3023142.933333333,0.13922146846158373,38.093333333333334,106905.46666666666,4.8,66.05133333333333,43.84066666666667,2.3366666666666664,0.0016907510019727933,3759.4,0.7489852670146895,0.04484604238862969,0.022380109742855814,0.0756914119359534,0.0,0.0,0.13333333333333333,0.6666666666666666,0.5333333333333333,5.542419650434398,4.2733333333333325,
Bell,"Austin, TX",6558.0,13,2,8,12,13,1.0986122886681098,2.1972245773362196,2.5649493574615367,2.6390573296152584,0.2958230807117021,13.153846153846153,0.21994444477543068,0.1635602239088531,0.07272610162051488,4042380.076923077,0.11972916570991286,35.43076923076923,89576.92307692308,3.5384615384615383,54.24692307692308,53.400000000000006,2.3176923076923077,0.0018154024378982845,4983.461538461538,0.7259940238534964,0.04267572995407357,0.027550778482953262,0.15656565656565652,0.0,0.6153846153846154,0.15384615384615385,0.8461538461538461,0.5384615384615384,4.93002767648694,4.176923076923076,
Bell,"Charlotte, NC",5212.0,18,2,4,11,13,1.0986122886681098,1.6094379124341003,2.4849066497880004,2.6390573296152584,0.2358481643932467,14.11111111111111,0.23743092408402441,0.11956021976964888,0.09164204466457865,7168869.611111111,0.09097033636119041,37.205555555555556,100134.05555555556,4.333333333333333,55.51555555555555,38.54333333333333,2.4405555555555556,0.0013459809865925222,3716.4444444444443,0.722604845351068,0.05006789551896098,0.035790908177440066,0.1062176165803108,0.0,0.7222222222222222,0.1111111111111111,0.2777777777777778,0.2222222222222222,11.671251473711996,4.284470395410776,
Bell,"Dallas-Fort Worth, TX",14096.0,39,1,6,11,27,0.6931471805599453,1.9459101490553132,2.4849066497880004,3.332204510175204,0.24811551515398028,10.76923076923077,0.2121377018037377,0.14951764935404083,0.07145851730976813,6176963.205128205,0.10592453180563248,35.207692307692305,97496.69230769231,3.7435897435897436,51.09307692307693,47.014871794871794,2.4882051282051285,0.0015430111435764204,4360.7692307692305,0.7295863597239951,0.05202997895659529,0.029215991055239855,0.1008,0.0,0.6666666666666666,0.05128205128205128,0.8717948717948718,0.23076923076923078,15.332242342340761,3.992307692307692,
Bell,"Denver, CO",3823.0,12,2,2,4,12,1.0986122886681098,1.0986122886681098,1.6094379124341003,2.5649493574615367,0.21755115872483552,15.75,0.2188416431635863,0.11488782786557422,0.0947944808062851,4331970.416666667,0.08831848438115725,35.916666666666664,104283.0,4.75,47.119166666666665,34.16583333333333,2.6374999999999997,0.002175814699682342,5414.083333333333,0.7256689757152341,0.048577656357590114,0.022008236996639997,0.0833333333333333,0.0,0.6666666666666666,0.0,0.4166666666666667,0.4166666666666667,9.692484491239686,3.9333333333333336,
Bell,"Orlando, FL",2517.0,8,0,2,3,6,0.0,1.0986122886681098,1.3862943611198906,1.9459101490553132,0.18210924489147318,10.5,0.2135507233985384,0.07992797820319819,0.14734101999206636,14456384.625,0.0588692703420027,37.9375,82830.25,4.0,44.08125,35.9,2.70375,0.00076021564286175,5138.0,0.7121722466595736,0.09019204110581835,0.029154868828570487,0.0811518324607329,0.0,0.75,0.125,0.75,0.125,12.359468498632602,4.4125,
Bell,"Raleigh, NC",6854.0,22,2,9,17,22,1.0986122886681098,2.302585092994046,2.8903717578961645,3.1354942159291497,0.23632949562151762,8.681818181818182,0.2263925499276362,0.1349429023746454,0.09153164293411574,11263369.272727273,0.09086327479228412,35.35909090909091,87287.5,3.727272727272727,53.682272727272725,41.75590909090909,2.4604545454545454,0.0008266597432384227,5347.0,0.7399423038795632,0.051823459333648465,0.018061983239230795,0.127147766323024,0.0,0.45454545454545453,0.18181818181818182,0.2727272727272727,0.13636363636363635,6.6106846373369565,4.6000000000000005,
Bell,"Tampa, FL",1824.0,4,1,1,2,4,0.6931471805599453,0.6931471805599453,1.0986122886681098,1.6094379124341003,0.23265970592725688,17.75,0.21853105195907546,0.15078442981343773,0.12915273707981925,2767899.0,0.10260831324278183,40.95,90703.75,3.75,49.6575,39.875,2.3775,0.00217031552766145,4386.0,0.7469570496052869,0.07050838618725717,0.0259980564652516,0.0612745098039215,0.0,0.25,0.25,0.75,0.75,8.90338154184476,4.275,
Bell,"Washington, DC",1201.0,4,1,3,3,3,0.6931471805599453,1.3862943611198906,1.3862943611198906,1.3862943611198906,0.25292870894572483,11.75,0.14717640416727693,0.26578160933546197,0.08053033727465242,1120792.75,0.16189107094934024,33.0,116564.75,7.25,71.6025,60.1025,2.0575,0.0061669425367757,2744.5,0.7786377742533481,0.017924498893907924,0.053724259838418435,0.0803212851405622,0.0,0.25,0.5,0.25,0.25,7.591205041215495,4.5,
Camden,"Atlanta, GA",4270.0,14,4,10,10,13,1.6094379124341003,2.3978952727983707,2.3978952727983707,2.6390573296152584,0.29071457782530535,21.02298290673988,0.19753245446448417,0.20552691658571356,0.05833660516888807,2500696.0,0.1475667206428825,35.69285714285714,96780.07142857143,4.358812159550167,66.54785714285715,46.93071428571428,2.138571428571429,0.0032912868473603074,3424.0714285714284,0.7648130922372143,0.04035472270685419,0.020443804160589295,0.3391557496360989,0.0,0.35714285714285715,0.35714285714285715,0.21428571428571427,1.0,6.546397656140262,4.335714285714286,0.0509461426491994
Camden,"Austin, TX",4038.0,11,1,4,10,11,0.6931471805599453,1.6094379124341003,2.3978952727983707,2.4849066497880004,0.276902550110005,16.756523699487122,0.22148490042266253,0.14769105608884456,0.06872683272191017,4655824.2727272725,0.11399717603174189,37.27272727272727,107797.36363636363,3.84250251593425,61.28545454545454,45.42,2.360909090909091,0.0014990193692560273,4763.909090909091,0.7189119015151322,0.0447172915056916,0.022409960487696525,0.3686868686868687,0.0,0.6363636363636364,0.18181818181818182,0.5454545454545454,1.0,6.282762581251621,4.245454545454546,0.0732323232323232
Camden,"Charlotte, NC",3455.0,13,5,7,10,13,1.791759469228055,2.0794415416798357,2.3978952727983707,2.6390573296152584,0.3064304593986886,25.401115933044018,0.19342630979905107,0.17420020371345307,0.07402457182124458,1920604.6153846155,0.1297873515083242,34.73076923076923,104139.76923076923,4.153846153846154,67.58076923076922,49.01769230769231,2.1169230769230767,0.0023239047213263154,2781.4615384615386,0.7667075941640528,0.05426584834792461,0.012056222972587693,0.38860103626943,0.0,0.3076923076923077,0.38461538461538464,0.3076923076923077,1.0,4.734224048062615,4.246153846153846,0.044041450777202
Camden,"Dallas-Fort Worth, TX",6226.0,15,3,6,6,14,1.3862943611198906,1.9459101490553132,1.9459101490553132,2.70805020110221,0.31382113750191976,22.56908452159537,0.19684135454762952,0.16592246937291374,0.06654418702108278,4503019.933333334,0.12569823522226947,34.0,97515.8,3.534891348913489,63.74333333333334,63.55466666666666,2.179333333333333,0.0028580185650101202,4541.2,0.7251254558515361,0.037600892401694945,0.021189335843982925,0.3584,0.0,0.5333333333333333,0.26666666666666666,0.4666666666666667,1.0,10.23046368570248,4.088031141159599,0.056
Camden,"Denver, CO",2865.0,9,0,1,4,9,0.0,0.6931471805599453,1.6094379124341003,2.302585092994046,0.3039446964116441,20.011917062754012,0.1840957176324721,0.15996724356693412,0.0566056215998623,3132734.222222222,0.11571884495897693,38.18888888888889,111249.44444444444,4.0297252972529725,60.221111111111114,39.13777777777778,2.367777777777778,0.0015813369876636332,3644.5555555555557,0.7604870820913412,0.07244107344838223,0.02191294519520011,0.2301587301587301,0.0,0.6666666666666666,0.1111111111111111,0.2222222222222222,1.0,10.147872944307492,4.144444444444444,0.029761904761904698
Camden,"Houston, TX",8648.0,23,0,7,15,19,0.0,2.0794415416798357,2.772588722239781,2.995732273553991,0.26707611485540994,18.167740370360388,0.21090377979587274,0.19377944918181872,0.07301544484078647,2918218.0434782607,0.12310893972894753,35.56086956521739,93271.21739130435,3.545002406545805,58.05130434782609,52.73521739130435,2.3686956521739133,0.0032271955777821914,4882.869565217391,0.7383868300779054,0.04714476216886436,0.026654829468004224,0.42190669371196743,0.0,0.34782608695652173,0.4782608695652174,0.30434782608695654,1.0,9.98904301439946,4.339130434782609,0.09939148073022308
Camden,"Miami, FL",1276.0,4,0,1,1,4,0.0,0.6931471805599453,0.6931471805599453,1.6094379124341003,0.1969434363179125,21.303626782393057,0.20327068790819786,0.24744760678212846,0.06662528400036866,792351.25,0.1165548799149667,40.125,78852.25,2.938960639606396,52.777499999999996,54.785,2.6799999999999997,0.008985794470258875,3769.5,0.694212333585364,0.06466226196573438,0.029955646441751027,0.0,0.0,0.0,0.5,0.25,1.0,8.865779590582592,4.3,0.0296610169491525
Camden,"Nashville, TN",758.0,2,1,1,1,2,0.6931471805599453,0.6931471805599453,0.6931471805599453,1.0986122886681098,0.3480200190486198,17.107253564786113,0.15922800692856529,0.2767788847703643,0.04368518802892065,4532730.0,0.14824819898811825,34.15,84618.5,11.877921279212792,64.91,54.91,2.05,0.0014706404447803502,4288.5,0.771002635704765,0.09173803125750205,0.01553760099440645,0.1052631578947368,0.0,0.5,0.0,0.0,1.0,7.465713774053324,4.5,0.0164473684210526
Camden,"Orlando, FL",3954.0,11,4,4,8,11,1.6094379124341003,1.6094379124341003,2.1972245773362196,2.4849066497880004,0.2767456672180051,19.694865580792428,0.17698355832170443,0.14525833053683898,0.09921882011520852,5499225.363636363,0.1076642881750231,36.31818181818182,75687.72727272728,4.115229788661523,48.6890909090909,54.08909090909091,2.341818181818182,0.0018217339997239727,4787.0,0.7233771088388953,0.0791971506409565,0.029215569731521174,0.45026178010471196,0.09090909090909091,0.36363636363636365,0.0,0.36363636363636365,1.0,6.142788410568287,4.2,0.0994764397905759
Camden,"Phoenix, AZ",3353.0,9,1,2,2,9,0.6931471805599453,1.0986122886681098,1.0986122886681098,2.302585092994046,0.2495422554969998,19.861197217055867,0.2260787639756323,0.187711110464334,0.07251023234795026,6450765.0,0.12016092008589367,42.74444444444444,99321.11111111111,3.5012983463167964,56.483333333333334,39.68666666666667,2.2488888888888887,0.0011845572374483335,4216.111111111111,0.7548156584423587,0.03919729037705957,0.027160583778227068,0.3204697986577181,0.0,0.6666666666666666,0.2222222222222222,0.5555555555555556,1.0,10.704734580599192,4.322222222222222,0.0503355704697986
Camden,"Raleigh, NC",3004.0,8,0,3,7,8,0.0,1.3862943611198906,2.0794415416798357,2.1972245773362196,0.2701121394987038,21.540220086794793,0.23154820012176203,0.18243693050752904,0.04407158027905444,6244933.375,0.1323268043474796,36.3125,113859.5,3.563960639606396,68.85375,36.335,2.44125,0.000986909731070675,4926.0,0.7754047931138266,0.062288529417819795,0.02051639997152775,0.2955326460481099,0.0,0.625,0.25,0.0,1.0,6.344088873837394,4.1,0.0652920962199312
Camden,"Tampa, FL",2736.0,7,1,1,4,7,0.6931471805599453,0.6931471805599453,1.6094379124341003,2.0794415416798357,0.21492857562104076,19.015321937826588,0.21182694014432896,0.14082926252613717,0.09568856390190414,4536343.285714285,0.09799689921600829,38.31428571428571,78726.57142857143,3.250834651203655,42.855714285714285,44.03285714285715,2.4185714285714286,0.0018822640178668287,6184.714285714285,0.7404186314206956,0.08622676935781734,0.028041479200561402,0.3553921568627451,0.0,0.7142857142857143,0.0,0.5714285714285714,1.0,8.362682812925302,4.342857142857143,0.0514705882352941
Camden,"Washington, DC",1209.0,3,2,3,3,3,1.0986122886681098,1.3862943611198906,1.3862943611198906,1.3862943611198906,0.29780696496229747,44.702417854928704,0.13173993981071783,0.2472333329429032,0.05940430258831553,464124.6666666667,0.16962059769586904,33.96666666666667,131519.33333333334,11.0,76.82000000000001,60.04,1.9533333333333334,0.008301942896354901,2840.0,0.787098322847875,0.016015934157240164,0.019715355965863133,0.2670682730923694,0.0,0.0,0.3333333333333333,0.3333333333333333,1.0,1.0199834942080919,4.566666666666666,0.028112449799196703
Cortland,"Atlanta, GA",12658.0,30,1,13,25,30,0.6931471805599453,2.6390573296152584,3.258096538021482,3.4339872044851463,0.2566020618614587,24.1,0.22644319580987646,0.1835312915451866,0.08839393498330701,2878663.533333333,0.13105093607583287,36.09666666666667,100604.76666666666,4.633333333333334,63.71633333333333,45.16766666666667,2.333666666666667,0.0018473808405492366,4000.2,0.7374891318834201,0.04227105848831947,0.024663449658136213,0.3260553129548763,0.0,0.3333333333333333,0.26666666666666666,0.7666666666666667,0.7666666666666667,5.854665504505689,4.213333333333334,0.0611353711790393
Cortland,"Austin, TX",1378.0,4,0,2,4,4,0.0,1.0986122886681098,1.6094379124341003,1.6094379124341003,0.272650812863447,11.25,0.21834359759483288,0.09061485391376298,0.08247716751850587,5670959.25,0.07100321267211418,35.55,90169.0,3.5,50.9725,46.08,2.4625000000000004,0.0014104650917863251,4944.25,0.7728117195968471,0.04237215622964757,0.035145638990043054,0.1111111111111111,0.0,0.25,0.25,1.0,1.0,4.837917874606542,4.4,0.0227272727272727
Cortland,"Charlotte, NC",3315.0,11,1,4,11,11,0.6931471805599453,1.6094379124341003,2.4849066497880004,2.4849066497880004,0.24164575491660287,18.636363636363637,0.1978042040202263,0.1437855003043692,0.06521946872899097,4051789.5454545454,0.11776308625913878,33.06363636363636,70450.36363636363,3.0,45.019090909090906,54.58818181818182,2.400909090909091,0.001183281295023691,3760.6363636363635,0.7353798759139157,0.06284344543190032,0.01415462904604292,0.2564766839378238,0.0,0.36363636363636365,0.36363636363636365,0.36363636363636365,1.0,6.147648786993111,4.390909090909091,0.038860103626943
Cortland,"Columbus, OH",3064.0,13,0,1,4,11,0.0,0.6931471805599453,1.6094379124341003,2.4849066497880004,0.19791096322680832,19.384615384615383,0.2455171134531662,0.10203067952156758,0.11602790048629477,13019275.23076923,0.07760861822638723,36.53846153846154,99749.69230769231,2.4615384615384617,46.98769230769231,31.532307692307693,2.6738461538461538,0.0009554635082311461,5418.923076923077,0.6606925867867119,0.05004240776272883,0.013949215308573062,0.2011331444759206,0.07692307692307693,0.6153846153846154,0.0,0.0,0.6153846153846154,11.906791748318804,4.44003593210723,0.0084985835694051
Cortland,"Dallas-Fort Worth, TX",12900.0,33,4,5,8,22,1.6094379124341003,1.791759469228055,2.1972245773362196,3.1354942159291497,0.26761234612903684,20.333333333333332,0.22035955187718323,0.17327856352370855,0.06734149923934682,4309866.787878788,0.1336053120533394,35.21212121212121,101167.51515151515,4.696969696969697,59.10454545454546,52.21545454545454,2.384242424242424,0.0023288427388032606,4186.121212121212,0.7534995159540766,0.04043576810673718,0.01776623020197461,0.2768,0.0,0.5454545454545454,0.09090909090909091,0.8484848484848485,0.8484848484848485,16.235939642413737,4.336363636363636,0.056
Cortland,"Denver, CO",3480.0,12,2,6,8,12,1.0986122886681098,1.9459101490553132,2.1972245773362196,2.5649493574615367,0.27019986996995954,17.416666666666668,0.17838142650926192,0.16466257295049874,0.0848784294692073,2636080.5833333335,0.11339127930798641,34.88333333333333,85072.41666666667,4.083333333333333,46.4075,48.800000000000004,2.3383333333333334,0.0027343405979612166,4371.333333333333,0.7525186797096991,0.055432742784122406,0.02880467300618768,0.2242063492063492,0.0,0.3333333333333333,0.4166666666666667,0.6666666666666666,1.0,6.38556899171013,4.241666666666666,0.027777777777777696
Cortland,"Houston, TX",3308.0,11,0,0,3,10,0.0,0.0,1.3862943611198906,2.3978952727983707,0.2168267230321142,14.545454545454545,0.25002029099407036,0.15724405447968215,0.08597244182776276,5169702.090909091,0.09608651033434223,35.345454545454544,104832.90909090909,4.7272727272727275,49.89181818181819,33.36363636363637,2.9072727272727272,0.0014320720331687637,5193.454545454545,0.7564900032826635,0.04255870255035076,0.02158324281793301,0.178498985801217,0.0,0.6363636363636364,0.18181818181818182,1.0,0.9090909090909091,13.312861149036591,4.56549701067218,0.0202839756592292
Cortland,"Miami, FL",1587.0,3,1,1,1,3,0.6931471805599453,0.6931471805599453,0.6931471805599453,1.3862943611198906,0.13690093540395046,28.0,0.2435494867620598,0.12574317503519408,0.15386109689880356,915986.3333333334,0.08739615205659003,38.266666666666666,80757.66666666667,11.333333333333334,43.089999999999996,45.47,2.67,0.005011391395892167,4663.0,0.7557140403559554,0.05227603392964417,0.020666836452650068,0.1949152542372881,0.0,0.0,0.0,1.0,1.0,11.253842991447604,4.566666666666666,0.0268361581920903
Cortland,"Nashville, TN",1138.0,3,0,1,2,3,0.0,0.6931471805599453,1.0986122886681098,1.3862943611198906,0.2392036035984204,12.333333333333334,0.23363121885634378,0.1162951954887025,0.0998840625900338,20568203.333333332,0.0734413702763152,32.26666666666667,68355.33333333333,4.666666666666667,44.446666666666665,49.696666666666665,2.393333333333333,0.000817050523659944,4663.333333333333,0.744881950134244,0.0436917730463407,0.0389830997690041,0.1151315789473684,0.0,0.3333333333333333,0.0,1.0,0.3333333333333333,6.592674120521804,4.466666666666666,0.0164473684210526
Cortland,"Orlando, FL",5066.0,13,0,2,6,13,0.0,1.0986122886681098,1.9459101490553132,2.6390573296152584,0.20681105153012425,15.923076923076923,0.2190841475503634,0.10255974214708391,0.10576140913546765,10782854.461538462,0.07199846957711688,37.44615384615385,74420.07692307692,3.6923076923076925,40.10846153846153,43.783846153846156,2.5746153846153845,0.0010941837541503922,6582.307692307692,0.744459449142997,0.061001236761638225,0.02042713592834377,0.2172774869109947,0.07692307692307693,0.6153846153846154,0.15384615384615385,0.8461538461538461,0.9230769230769231,9.625575896318322,4.507692307692308,0.0261780104712041
Cortland,"Phoenix, AZ",4083.0,13,0,3,7,13,0.0,1.3862943611198906,2.0794415416798357,2.6390573296152584,0.1673803183133592,22.692307692307693,0.2393796613207258,0.11398250616082108,0.10939891251858866,2990446.846153846,0.07774330547491523,39.01538461538461,90561.30769230769,3.0,41.35153846153847,39.026153846153846,2.5069230769230773,0.0018402160229184614,4824.2307692307695,0.7525249243631434,0.055418189979237725,0.021792634436796278,0.1577181208053691,0.0,0.46153846153846156,0.0,0.8461538461538461,0.8461538461538461,9.208551249231062,4.530769230769231,0.0184563758389261
Cortland,"Raleigh, NC",2568.0,7,1,3,4,7,0.6931471805599453,1.3862943611198906,1.6094379124341003,2.0794415416798357,0.230478093625586,15.285714285714286,0.22129857142434048,0.18933244305153188,0.07113119452211095,6926697.142857143,0.12947618091326704,38.528571428571425,112882.14285714286,4.714285714285714,62.917142857142856,38.737142857142864,2.4957142857142856,0.0011550266527104714,6428.571428571428,0.7930223337806633,0.03839014679041148,0.017161908093176113,0.268041237113402,0.0,0.2857142857142857,0.0,0.2857142857142857,1.0,6.959606970181646,4.271428571428571,0.0584192439862542
Cortland,"Tampa, FL",3038.0,7,0,0,7,7,0.0,0.0,2.0794415416798357,2.0794415416798357,0.182835531739811,19.428571428571427,0.22309595705711813,0.11388675548661654,0.11846878390243679,2640818.5714285714,0.07285263734489271,37.07142857142857,68245.28571428571,3.4285714285714284,34.99142857142857,49.715714285714284,2.3514285714285714,0.0014997960557476427,3762.0,0.7449767089628748,0.07585876604383619,0.0269186807841904,0.17401960784313722,0.0,0.7142857142857143,0.14285714285714285,1.0,0.8571428571428571,7.192954519288577,4.414285714285714,0.0147058823529411
Cortland,"Tucson, AZ",1026.0,5,0,5,5,5,0.0,1.791759469228055,1.791759469228055,1.791759469228055,0.1969545209566207,30.4,0.23981494028633826,0.1361453415216725,0.129063826847948,4105705.6,0.08418899170593927,46.58,81478.4,2.2,51.763999999999996,34.688,2.196,0.0010589615045193401,3912.6,0.7180447959468969,0.07474820510577193,0.02997524092281286,0.2846153846153846,0.0,0.8,0.0,0.6,0.8,3.4528433491247155,4.6,0.0384615384615384
GID,"Atlanta, GA",3434.0,11,1,7,10,11,0.6931471805599453,2.0794415416798357,2.3978952727983707,2.4849066497880004,0.24260184203699262,12.272727272727273,0.19001002654048973,0.18860675945336844,0.09032386843379842,2087639.0,0.12622267858819639,33.99090909090909,93657.72727272728,5.181818181818182,64.33181818181818,50.054545454545455,2.1754545454545453,0.0021926075487447,3560.818181818182,0.7530910246853736,0.0936772295950072,0.021950836592203562,0.3260553129548763,0.0,0.18181818181818182,0.2727272727272727,0.9090909090909091,0.9090909090909091,4.537687120471536,4.283678828853998,
GID,"Austin, TX",2720.0,9,2,7,9,9,1.0986122886681098,2.0794415416798357,2.302585092994046,2.302585092994046,0.30879257984829955,10.0,0.2078817577145009,0.2208446224560687,0.053015858774954086,3193912.6666666665,0.1679411289372975,36.84444444444445,107738.55555555556,9.777777777777779,64.60777777777778,53.7,2.1555555555555554,0.0023805946841530556,4125.0,0.7459973908545209,0.06709525640404466,0.019547660549369614,0.3106060606060606,0.0,0.5555555555555556,0.3333333333333333,0.8888888888888888,1.0,2.9820628742288195,4.266666666666667,
GID,"Charlotte, NC",426.0,1,0,0,1,1,0.0,0.0,0.6931471805599453,0.6931471805599453,0.2110236220472441,26.0,0.1713910761154855,0.0892388451443569,0.0666666666666666,1945283.0,0.084514435695538,35.9,76560.0,3.0,45.83,37.04,2.69,0.0019585839181239,3810.0,0.717017944424959,0.0593175853018372,0.0249343832020997,0.2590673575129533,0.0,0.0,0.0,0.0,1.0,7.586865998866235,4.4,
GID,"Dallas-Fort Worth, TX",5021.0,16,4,6,8,16,1.6094379124341003,1.9459101490553132,2.1972245773362196,2.833213344056216,0.3678827886321527,13.5625,0.1861736029604629,0.18032495584560165,0.07459591827733886,2594236.625,0.11840827326528723,35.525,98673.5625,6.4375,62.400000000000006,56.106875,2.169375,0.0023139465017026064,2908.3125,0.7581460647407072,0.04271058869242282,0.01893791713591182,0.3152,0.0,0.4375,0.25,0.8125,1.0,9.977663978986865,4.25625,
GID,"Denver, CO",3713.0,11,4,7,9,11,1.6094379124341003,2.0794415416798357,2.302585092994046,2.4849066497880004,0.3443436489913021,15.0,0.18617582681752315,0.17326808391938664,0.07148374905620326,2201122.5454545454,0.12730522982695136,35.04545454545455,97709.09090909091,5.363636363636363,61.95909090909092,49.51636363636363,2.0954545454545457,0.0029783930561931545,3216.3636363636365,0.7519569046027036,0.034004990421927624,0.038519194885597484,0.3214285714285714,0.0,0.18181818181818182,0.6363636363636364,0.7272727272727273,0.9090909090909091,4.466318604269321,4.145454545454545,
GID,"Houston, TX",2150.0,6,0,1,6,6,0.0,0.6931471805599453,1.9459101490553132,1.9459101490553132,0.34341181033980633,17.833333333333332,0.19535536740500947,0.3217694842477629,0.04579457497208347,958811.3333333334,0.1856216226242924,35.03333333333333,141441.16666666666,11.166666666666666,78.01833333333333,47.26166666666666,2.021666666666667,0.00312868505338655,2990.8333333333335,0.7353078051043903,0.05059923428102293,0.02570330675866153,0.2961460446247465,0.0,0.16666666666666666,0.16666666666666666,0.6666666666666666,0.5,5.181561153227361,4.233333333333333,
GID,"Miami, FL",1186.0,4,0,0,4,4,0.0,0.0,1.6094379124341003,1.6094379124341003,0.14052629829553887,7.25,0.24133361095419986,0.14399862856414608,0.12890405038558334,1802791.0,0.08479656975148547,39.6,73529.0,6.25,38.705,47.9525,2.935,0.0026729872542074753,2739.0,0.7862846161858965,0.0297022931015699,0.04719881679530325,0.3008474576271186,0.0,0.5,0.25,0.75,1.0,8.082545783840128,4.55,
GID,"Tampa, FL",753.0,2,0,0,0,2,0.0,0.0,0.0,1.0986122886681098,0.1977398043775509,15.0,0.2377598736341227,0.12624821067712536,0.10255409942628554,3808812.5,0.0889782160276048,45.5,77106.5,2.5,45.235,35.79,2.31,0.00115628485870585,4322.0,0.7887984855314739,0.0398526288941007,0.025245460816944898,0.0,0.0,0.5,0.0,1.0,1.0,14.989701974395725,4.15,
GID,"Washington, DC",212.0,1,0,1,1,1,0.0,0.6931471805599453,0.6931471805599453,0.6931471805599453,0.3347292850732875,11.0,0.2040083757104397,0.4576727490278193,0.0113670355967693,940249.0,0.3113969488483398,38.7,123134.0,8.0,89.53,60.22,1.77,0.003555441165053,3343.0,0.7822661725441077,0.0116661681124738,0.0206401435836075,0.2269076305220883,0.0,0.0,0.0,0.0,0.0,3.174773526632212,4.9,
Greystar,"Atlanta, GA",26419.0,93,11,43,64,87,2.4849066497880004,3.784189633918261,4.174387269895637,4.477336814478207,0.24691093275435463,18.044164016825658,0.202429200604992,0.1721342996224932,0.09593744227908008,3311716.623655914,0.12601007981803886,35.65268817204301,92423.7311827957,5.244686479122856,58.137741935483874,46.55655913978495,2.309032258064516,0.002064721034769855,3771.3118279569894,0.727397598885239,0.05639867134163492,0.029040931232892853,0.3639010189228529,0.010752688172043012,0.40860215053763443,0.08602150537634409,0.5591397849462365,0.20430107526881722,7.589438482860805,4.049267402898666,0.1382823871906841
Greystar,"Austin, TX",24677.0,84,18,48,67,81,2.9444389791664403,3.8918202981106265,4.219507705176107,4.406719247264253,0.24899800106594108,12.489372066247453,0.20479175928665125,0.1552048574044908,0.09127896778976502,6961476.44047619,0.11170423779220953,35.58571428571428,96743.09523809524,4.354236220933638,55.91178571428571,49.43821428571429,2.3764285714285713,0.0016296343182298847,4663.714285714285,0.7441909470960777,0.05788502616729819,0.024342012887560098,0.3484848484848485,0.0,0.40476190476190477,0.32142857142857145,0.6547619047619048,0.011904761904761904,6.0621557390832095,4.117397635145023,0.1338383838383838
Greystar,"Charlotte, NC",20329.0,74,14,36,58,71,2.70805020110221,3.6109179126442243,4.07753744390572,4.276666119016055,0.23819272224990248,11.22972972972973,0.1996210479235196,0.1366109787004321,0.08720126327682624,4363974.175675675,0.10674919858639782,34.21621621621622,80805.0945945946,4.95945945945946,50.46337837837838,50.031486486486486,2.3067567567567564,0.001176529609623138,3186.2567567567567,0.7651780511307189,0.06296963593510582,0.021715087570797844,0.3290155440414508,0.0,0.32432432432432434,0.16216216216216217,0.36486486486486486,0.05405405405405406,6.277153642364852,4.217567567567568,0.155440414507772
Greystar,"Columbus, OH",474.0,2,0,0,0,2,0.0,0.0,0.0,1.0986122886681098,0.2391276338459002,13.0,0.24808740314140576,0.17596601484973384,0.08093909843590325,8458987.5,0.1444686937258067,38.85,143794.5,4.0,66.515,16.025,2.795,0.0006291448819298,5342.5,0.6158548836394506,0.04798950691501175,0.01459172318922445,0.1246458923512747,0.0,1.0,0.0,0.5,0.0,12.452980970927625,3.95,0.0453257790368272
Greystar,"Dallas-Fort Worth, TX",27146.0,91,12,24,30,54,2.5649493574615367,3.2188758248682006,3.4339872044851463,4.007333185232471,0.2415557352427945,14.362637362637363,0.2200336535759245,0.16286952005241334,0.08308505314547998,3773059.1208791207,0.11573166953483416,35.52527472527473,97324.82417582418,5.118196072070611,52.68769230769231,49.791318681318685,2.4074725274725273,0.002051635687057055,4138.571428571428,0.7617611800267811,0.04850943100892349,0.021949832968349185,0.2896,0.03296703296703297,0.4835164835164835,0.17582417582417584,0.6813186813186813,0.02197802197802198,16.53507484432373,4.0402351796943075,0.10880000000000001
Greystar,"Denver, CO",30890.0,101,11,27,63,99,2.4849066497880004,3.332204510175204,4.1588830833596715,4.605170185988092,0.25034414737031124,20.128712871287128,0.20643665368897884,0.13317719124480115,0.08862760166990324,3232025.297029703,0.09281428540795383,36.595049504950495,98173.59405940594,4.900990099009901,52.73336633663366,42.353465346534655,2.3533663366336635,0.0024038157478998208,3920.90099009901,0.7429449966702785,0.04308905579845172,0.02416763146289696,0.4305555555555556,0.0,0.32673267326732675,0.2079207920792079,0.2079207920792079,0.0297029702970297,8.195914753460972,3.7598112300474056,0.1845238095238095
Greystar,"Houston, TX",49240.0,153,0,34,80,113,0.0,3.5553480614894135,4.394449154672439,4.736198448394496,0.23650148071699134,17.313725490196077,0.2241290631283781,0.17594620439222236,0.07960570392286377,6194886.098039215,0.11072854339447769,35.01503267973856,94928.6862745098,5.124183006535947,52.38503267973856,47.361372549019606,2.50562091503268,0.002134995861836581,4582.026143790849,0.7088520412306833,0.0508200907121739,0.02458647689232321,0.4117647058823529,0.006535947712418301,0.2875816993464052,0.2549019607843137,0.6797385620915033,0.0196078431372549,13.8332719549757,3.9849825855357506,0.1967545638945233
Greystar,"Miami, FL",4777.0,14,1,9,11,14,0.6931471805599453,2.302585092994046,2.4849066497880004,2.70805020110221,0.18455242715835202,8.571428571428571,0.21864547027849565,0.10885913261223541,0.15757190410603175,2907026.5,0.06455204819888397,40.035714285714285,68278.5,12.714285714285714,44.19785714285714,60.63357142857143,2.4314285714285715,0.0059905882542564,3997.8571428571427,0.8021585491655727,0.058811857049513916,0.026216985288698872,0.2514124293785311,0.0,0.0,0.21428571428571427,0.6428571428571429,0.0,5.203560265889432,4.0928571428571425,0.09039548022598869
Greystar,"Nashville, TN",10391.0,32,9,14,23,30,2.302585092994046,2.70805020110221,3.1780538303479458,3.4339872044851463,0.22278993474551056,15.28125,0.19236833926804722,0.1321335351425965,0.09594078632190182,5855188.21875,0.08335730881205762,34.26875,76839.53125,5.03125,48.5296875,48.223125,2.33,0.0012211898035907468,4194.53125,0.7374463915027534,0.0655611752176947,0.02550961295277673,0.2894736842105263,0.03125,0.5,0.03125,0.5,0.1875,7.770996090977411,4.0287645974185615,0.0888157894736842
Greystar,"Orlando, FL",12983.0,41,3,10,24,41,1.3862943611198906,2.3978952727983707,3.2188758248682006,3.7376696182833684,0.17947559703497956,16.804878048780488,0.21739544144391748,0.08398915240820196,0.1292685758227288,10159864.341463415,0.062475453766835526,36.77560975609756,73164.9268292683,3.4390243902439024,37.761219512195126,44.83121951219512,2.6890243902439024,0.0014861658132402145,7304.09756097561,0.7247557856305121,0.05789382336065735,0.03225215269982554,0.2958115183246073,0.04878048780487805,0.5365853658536586,0.07317073170731707,0.5853658536585366,0.024390243902439025,8.595914201923062,4.127827664263121,0.1204188481675392
Greystar,"Phoenix, AZ",31271.0,115,10,42,74,115,2.3978952727983707,3.7612001156935624,4.31748811353631,4.7535901911063645,0.17387418249023437,20.6,0.20452444904469988,0.0938793043010372,0.10724424601707529,4916983.686956522,0.06672580601593278,35.79575811611685,82109.93884722296,3.626086956521739,40.4070449992133,44.20693035086799,2.5021660984947816,0.0021539339940020116,4774.191304347826,0.7216290105508827,0.0909327229854895,0.025519166455385194,0.4194630872483221,0.0,0.40869565217391307,0.20869565217391303,0.7478260869565218,0.06086956521739131,7.9794633307171425,3.8337553779963125,0.1577181208053691
Greystar,"Raleigh, NC",14454.0,54,9,23,40,54,2.302585092994046,3.1780538303479458,3.713572066704308,4.007333185232471,0.267689579615928,13.185185185185185,0.22513538850881545,0.17655870733000628,0.06170771733519512,4956602.12962963,0.12635673264336256,37.290740740740745,100041.77777777778,4.648148148148148,61.775925925925925,41.67666666666667,2.425740740740741,0.0012456794553734954,4946.148148148148,0.7478033325652788,0.05408542810203526,0.02299178054965169,0.3711340206185567,0.0,0.37037037037037035,0.1111111111111111,0.2777777777777778,0.018518518518518517,6.402909318896776,4.170749391062851,0.1443298969072164
Greystar,"Tampa, FL",7672.0,26,5,7,14,24,1.791759469228055,2.0794415416798357,2.70805020110221,3.2188758248682006,0.1686547744449291,15.807692307692308,0.23265795836513184,0.10270873021170891,0.15074147111053454,4452685.807692308,0.06542935489521595,40.215384615384615,78442.26923076923,5.615384615384615,42.78076923076923,43.11653846153846,2.311153846153846,0.0016487755797743309,4221.038461538462,0.7314248229539196,0.06538989707954558,0.02979002822557853,0.2549019607843137,0.0,0.4230769230769231,0.23076923076923078,0.8076923076923077,0.19230769230769232,9.0157718258254,4.115384615384615,0.0931372549019607
Greystar,"Tucson, AZ",1777.0,6,2,6,6,6,1.0986122886681098,1.9459101490553132,1.9459101490553132,1.9459101490553132,0.14438133452911994,41.0,0.21072303046328822,0.09634800052007841,0.11810906190888805,3036240.8333333335,0.07038554087935518,42.06666666666667,72262.0,2.0,37.61833333333333,39.95333333333333,2.3583333333333334,0.0017796727168537668,4037.8333333333335,0.6265825799138193,0.06513659922811402,0.023451310116675148,0.2307692307692307,0.0,0.6666666666666666,0.16666666666666666,0.3333333333333333,0.0,2.0905036454392385,3.5,0.06153846153846151
Greystar,"Washington, DC",8553.0,24,15,24,24,24,2.772588722239781,3.2188758248682006,3.2188758248682006,3.2188758248682006,0.28833164371896003,14.166666666666666,0.14542268903674813,0.29408290481297683,0.07466832037904328,603582.5,0.19160096928934636,35.074999999999996,120820.16666666667,10.541666666666666,71.27666666666667,56.780833333333334,2.0870833333333336,0.009674178981505974,3289.7083333333335,0.7672122042734237,0.05042575816855302,0.026711050924956316,0.3012048192771084,0.0,0.0,0.3333333333333333,0.20833333333333334,0.0,1.1886353323978758,3.908333333333333,0.108433734939759
MAA,"Atlanta, GA",10339.0,27,3,16,18,27,1.3862943611198906,2.833213344056216,2.9444389791664403,3.332204510175204,0.29546242452531474,26.48148148148148,0.21474029960121566,0.21185754977439936,0.06555734576118401,2955113.074074074,0.14943876492685548,35.903703703703705,101410.5925925926,5.148148148148148,64.69111111111111,47.12074074074074,2.2225925925925925,0.002661916715084874,3843.1481481481483,0.7205669028760282,0.05527824455742643,0.025320309148098845,0.2838427947598253,0.0,0.6296296296296297,0.1111111111111111,0.9629629629629629,1.0,6.012528180569995,4.211111111111111,0.081513828238719
MAA,"Austin, TX",6951.0,20,0,8,19,20,0.0,2.1972245773362196,2.995732273553991,3.044522437723423,0.25872920335946126,23.45,0.20680417619076108,0.1607186056282084,0.08060061386913461,5039572.1,0.11988152173829358,37.095,101963.45,2.8,59.55800000000001,45.191,2.4215,0.001421656526866935,4743.8,0.6543176614765256,0.04915908264825601,0.020891548280774004,0.24242424242424238,0.0,0.45,0.25,0.65,1.0,6.111089847653049,4.0600000000000005,0.0479797979797979
MAA,"Charlotte, NC",6001.0,20,6,8,16,20,1.9459101490553132,2.1972245773362196,2.833213344056216,3.044522437723423,0.27256662358189454,20.35,0.19864073173828367,0.14721569700680748,0.06845858886194467,3068629.55,0.1115165308206969,34.589999999999996,89592.8,3.75,56.198,47.381,2.2755,0.0021950943427249,3396.9,0.7212685017334011,0.0814336611272056,0.020948948040718864,0.3082901554404145,0.0,0.55,0.25,0.65,1.0,6.2653180045680035,4.119999999999999,0.0880829015544041
MAA,"Dallas-Fort Worth, TX",11626.0,31,6,7,9,23,1.9459101490553132,2.0794415416798357,2.302585092994046,3.1780538303479458,0.2760108143241755,24.193548387096776,0.20562249440837824,0.15406739513469325,0.08553444753196206,2417090.4516129033,0.11526198374682574,35.49032258064516,96317.6129032258,3.4838709677419355,55.795806451612904,52.32612903225806,2.353225806451613,0.003226153491714458,3627.6774193548385,0.6629606395791695,0.04491465005428609,0.022427957599934722,0.1776,0.0,0.5483870967741935,0.25806451612903225,0.9354838709677419,1.0,14.327488320276093,3.958064516129032,0.0384
MAA,"Denver, CO",787.0,2,0,0,2,2,0.0,0.0,1.0986122886681098,1.0986122886681098,0.206369016167202,5.5,0.2417436707840795,0.0842814907853882,0.0786763951817772,3538215.0,0.060273835464315,37.1,106251.5,3.5,52.37,36.39,2.4000000000000004,0.0010783184376641,3274.5,0.806749289341651,0.034899835231862,0.03184009970083885,0.0694444444444444,0.0,0.0,0.0,0.5,1.0,9.052979652041852,4.15,0.0158730158730158
MAA,"Houston, TX",4867.0,15,0,1,6,12,0.0,0.6931471805599453,1.9459101490553132,2.5649493574615367,0.21879264690360703,23.6,0.22700709778445435,0.12610900120343999,0.1019555905943598,3460366.7333333334,0.09387465600135014,33.86,88044.8,3.3333333333333335,43.426,46.40333333333333,2.6293333333333333,0.00200938610747938,4138.333333333333,0.6637019645738712,0.054350386409850605,0.027271053465901574,0.1582150101419878,0.0,0.5333333333333333,0.26666666666666666,0.8666666666666667,1.0,13.715471096800153,4.2,0.0304259634888438
MAA,"Nashville, TN",4375.0,12,0,2,5,10,0.0,1.0986122886681098,1.791759469228055,2.3978952727983707,0.2301605063409773,22.75,0.22100669128864622,0.13373249841358564,0.10741092091118813,11173900.333333334,0.08462453623437921,36.141666666666666,79559.41666666667,3.1666666666666665,47.23083333333333,42.30166666666667,2.3575,0.0009271201491603667,4735.916666666667,0.6587839095146134,0.044262081156715816,0.0311499626694368,0.2565789473684211,0.0,0.8333333333333334,0.08333333333333333,0.6666666666666666,1.0,12.1254295397159,4.241666666666666,0.0592105263157894
MAA,"Orlando, FL",5583.0,13,2,3,4,13,1.0986122886681098,1.3862943611198906,1.6094379124341003,2.6390573296152584,0.2611436177103351,16.923076923076923,0.24142329715633437,0.1748828566456278,0.07225831121543376,7606969.846153846,0.1167868069795221,38.5,98168.69230769231,3.923076923076923,53.17,41.61615384615384,2.6138461538461537,0.0013504451493553614,7624.461538461538,0.7101009403017835,0.051912264157584334,0.018469662025000208,0.1465968586387434,0.15384615384615385,0.46153846153846156,0.23076923076923078,0.6153846153846154,1.0,9.479508764924192,4.538461538461538,0.028795811518324603
MAA,"Phoenix, AZ",2966.0,9,0,6,6,9,0.0,1.9459101490553132,1.9459101490553132,2.302585092994046,0.20566681047308338,18.0,0.20001449830426385,0.1261791369768247,0.07229316389084378,8305405.222222222,0.08029374761575106,37.455555555555556,91227.44444444444,3.4444444444444446,49.25555555555556,42.534444444444446,2.373333333333333,0.0022821055624677442,4699.555555555556,0.6923261481659032,0.05515595349612857,0.017070739481732364,0.0822147651006711,0.0,0.6666666666666666,0.3333333333333333,0.8888888888888888,1.0,6.667352551501471,4.2444444444444445,0.0151006711409395
MAA,"Raleigh, NC",4510.0,12,1,5,7,12,0.6931471805599453,1.791759469228055,2.0794415416798357,2.5649493574615367,0.31186549600222935,20.333333333333332,0.2072926382726862,0.16026486297979758,0.06277714328041839,6003848.416666667,0.10784395148254487,35.80833333333334,102367.75,3.5,64.8075,47.214166666666664,2.3575,0.0010100565120349082,4583.75,0.7024746093822865,0.07093275286415485,0.015011382508997516,0.24742268041237106,0.0,0.8333333333333334,0.08333333333333333,0.4166666666666667,1.0,7.665998945795875,4.133333333333334,0.0893470790378006
MAA,"Tampa, FL",4932.0,13,1,3,9,12,0.6931471805599453,1.3862943611198906,2.302585092994046,2.5649493574615367,0.2450784270246929,27.23076923076923,0.22990918587556924,0.15907978910690812,0.1070621974884698,3695024.769230769,0.09923987456612517,37.47692307692308,81366.76923076923,2.6923076923076925,46.67076923076923,45.14153846153847,2.397692307692308,0.0018551171803558538,4565.692307692308,0.6830283146100028,0.05132139227787112,0.01585017007172944,0.1348039215686274,0.0,0.7692307692307693,0.15384615384615385,0.6923076923076923,1.0,9.28663329007948,4.353846153846154,0.034313725490196
MAA,"Washington, DC",269.0,1,0,1,1,1,0.0,0.6931471805599453,0.6931471805599453,0.6931471805599453,0.2608409986859396,24.0,0.1307490144546649,0.383377135348226,0.0354796320630749,93419.0,0.2759526938239159,35.0,109147.0,15.0,82.44,69.2,1.53,0.0325843779102752,3044.0,0.758548480400475,0.0180683311432325,0.0029566360052562,0.0803212851405622,0.0,0.0,1.0,1.0,1.0,1.8468839494362077,4.5,0.0200803212851405
